{
  "H0": 69.56091923187503,
  "ombh2": 0.022331487167281065,
  "omch2": 0.1280279187186251,
  "tau": 0.07083595167404393,
  "n_s": 0.9730627711738781,
  "A_s": 2.1977048112685883e-09,
  "log10_zc": 3.466806257541854,
  "fEDE_zc": 0.08250347551501926,
  "n_power": 2.950684158027837,
  "theta_i": 2.639114710527229
}

